"title","content","author","department","categories","view","attachment","likeCount"
"New title","New title","63e734a6dc217ec81583d413","63e7e0210987133d0b3b7b38","6400c9faf534c0f5b73d4b4e",0,"http://res.cloudinary.com/dzje1nabd/image/upload/v1678122078/iba5ooaor36ol8osv9d6.jpg",0
"This is title","<p><strong>This is bold line</strong></p><p><strong><em>This is italic line</em></strong></p><p><strong><u>This is underlined line</u></strong></p>","63e734a6dc217ec81583d413","63e7e0210987133d0b3b7b38","6400c9faf534c0f5b73d4b4e",0,"http://res.cloudinary.com/dzje1nabd/image/upload/v1678124396/ksmlgayvztswpokkj9c8.jpg",0
"This is title","<p>Content</p>","63e734a6dc217ec81583d413","63e7dffd0987133d0b3b7b37","63fa3b8adc985bd8355d55b6",0,"http://res.cloudinary.com/dzje1nabd/image/upload/v1678162012/hnvhhiir9a195farqeyx.jpg",2
"asd","sad","63e734a6dc217ec81583d413","63e7e0210987133d0b3b7b38","6400c9faf534c0f5b73d4b4e",0,"http://res.cloudinary.com/dzje1nabd/image/upload/v1678163374/r4mmnn4bzlurhly5htnz.jpg",0
"Title test","<p> Content <p>","63e734a6dc217ec81583d413","63e7dffd0987133d0b3b7b37","6400c9faf534c0f5b73d4b4e",0,"http://res.cloudinary.com/dzje1nabd/image/upload/v1678164256/awtwhuknt4bkdzwzrwd4.jpg",0
"Title test","Content ","63e734a6dc217ec81583d413","63e7dffd0987133d0b3b7b37","6400c9faf534c0f5b73d4b4e",0,"http://res.cloudinary.com/dzje1nabd/image/upload/v1678164260/y4s8sjlihqlnjcxi5ztn.jpg",0
"Title Test 2","<p>Content</p>","63e734a6dc217ec81583d413","63e7e0210987133d0b3b7b38","63fa3b8adc985bd8355d55b6",0,"http://res.cloudinary.com/dzje1nabd/image/upload/v1678164338/am79qaglfeyed58lfg6z.jpg",0
"Title test 3","<p>Content</p>","63e734a6dc217ec81583d413","63e7e0210987133d0b3b7b38","63fa3b8adc985bd8355d55b6",0,"http://res.cloudinary.com/dzje1nabd/image/upload/v1678164437/snzo4tzumcwvirevyfb5.jpg",0
"dfgdfg","fdgdfg","63e7c52b7a41f4a89c458566","63e7e0210987133d0b3b7b38","63fa3b8adc985bd8355d55b6",0,"http://res.cloudinary.com/dzje1nabd/image/upload/v1678201634/rzmwpdcwnckbmfes2egf.jpg",0
"title","<p><strong>Content</strong></p><p><strong><u>ABC</u></strong></p><p><span class=""ql-size-huge"">HUGE</span></p>","63e734a6dc217ec81583d413","63e7e0210987133d0b3b7b38","63fa3b8adc985bd8355d55b6",0,"http://res.cloudinary.com/dzje1nabd/image/upload/v1678251672/gld4bovadxjtncjut3gk.jpg",0